,u,v,w,hvelmag,theta,mueff,u'theta'_r,v'theta'_r,w'theta'_r,u'u'_r,u'v'_r,u'w'_r,v'v'_r,v'w'_r,w'w'_r,u'u'u'_r,v'v'v'_r,w'w'w'_r,z
0,2.4234640413449373,2.5479100626030884,-4.6749536565761005e-09,3.5189235865196338,299.52110060816784,0.0,0.0026589085661750805,0.002816897438757848,-0.00021319205349315328,0.033463218666004386,0.015707302859361307,-0.0012007554095674919,0.033822115423687606,-0.0010723774963917973,0.0010523677023285213,0.0029569994462512786,0.0029087026286246397,2.008489260814477e-06,2.6041666666666665
1,2.931585379143237,3.0393824114236114,-7.562231962117076e-09,4.22703351524747,299.5676785999119,0.0,0.005708077948906927,0.005532799896260897,-0.001321474089217759,0.07791310044429856,0.040182191030992465,-0.009933232344072855,0.0744007995904488,-0.009076892011459059,0.006903410344439871,0.007284549076774171,0.0059295030415966125,-1.3162734112863337e-05,7.8125
2,3.2386111287004304,3.302785082530718,-9.611013709139067e-09,4.630832404123742,299.6079531212589,0.0,0.007004045387552243,0.006220056117939135,-0.0021453173632772975,0.08826022510305384,0.03647568352622086,-0.012666651997764443,0.07996145468362381,-0.01079071330546547,0.013454576379082962,0.0038761395233676134,0.002179712126135501,-6.100370599411716e-05,13.020833333333332
3,3.4732225285369465,3.4898578053706033,-1.1124532683796245e-08,4.928963760488123,299.6401246946561,0.0,0.007369277753850289,0.006285559232718371,-0.0024654832955579823,0.08881087336090805,0.03197930508967999,-0.01436734794612485,0.07958651346863782,-0.011683444980304535,0.01801741657763888,0.000968718507001336,-0.0003808240826702676,-3.9215102484170486e-05,18.229166666666664
4,3.6568331423053744,3.62332992519689,-1.2249074026534366e-08,5.153021909649656,299.6670034071729,0.0,0.007184643451351255,0.005846003851146661,-0.002581350095815565,0.08419385502614674,0.02651344137850797,-0.014590204008480868,0.07395285368140278,-0.011060829786467193,0.020567464431753415,-0.0007663147290142937,-0.001326824763300716,0.00010159208441244046,23.4375
5,3.817629554266169,3.736695632787171,-1.315510615288718e-08,5.346853062486503,299.6897391569804,0.0,0.006917097734044112,0.005378150693276489,-0.0025642429622209743,0.08009655503842539,0.023178324931204395,-0.014700795842717138,0.06927661969672962,-0.010582070084731924,0.021882272861807304,-0.0015004020603734452,-0.0016200316420265611,0.00024500313094069984,28.645833333333332
6,3.9571960030376694,3.828984815706215,-1.3884828533548361e-08,5.510977796135386,299.7096319616625,0.0,0.0065575272855339225,0.004840242576724534,-0.002497980584193361,0.0757127885129622,0.019848837960597693,-0.014458028724882945,0.06435328164740606,-0.009786662008758912,0.022423820443144796,-0.001991914194791818,-0.0018127183369377221,0.0003588978873119396,33.854166666666664
7,4.086461015294979,3.912469380598038,-1.4530993082777609e-08,5.66174242203814,299.72742182866017,0.0,0.006238633784671613,0.0043556122848043555,-0.002392046860336449,0.07242180105641452,0.017587140000087608,-0.014193681537478712,0.059927330416511986,-0.009113137396093802,0.02244714379708905,-0.002126229001220899,-0.0018191315345674592,0.0004458686084698783,39.0625
8,4.204019611367345,3.984960354030016,-1.5087782048766806e-08,5.796609883616009,299.74360449039835,0.0,0.005933873750403272,0.003892317010118522,-0.0022779345981216066,0.06930449284087008,0.015730315849961905,-0.013757156654181429,0.05584114575164779,-0.008329166171038323,0.02215518364592687,-0.0021144273385164847,-0.0018409511387875992,0.0004987482946479236,44.27083333333333
9,4.315634655995716,4.051501357258582,-1.5605593300300368e-08,5.923240447285953,299.75848212180074,0.0,0.005650714422630304,0.003485254820199073,-0.0021516523339875308,0.06635141187639823,0.01410171560767279,-0.013326661531569854,0.05229740535200235,-0.007692065129758742,0.02165865909894596,-0.0020307621179132956,-0.001679442867478334,0.000529372913315338,49.479166666666664
10,4.4216443827625795,4.111284241733029,-1.6059524372086612e-08,6.0413061348202195,299.77225024075994,0.0,0.005344401193979497,0.0030891421169160593,-0.002025909039935521,0.06332844351046689,0.012664143524566063,-0.012810855514085475,0.048986195021509346,-0.006997804547032568,0.02102917803866036,-0.0019272884650386203,-0.0015888350265945393,0.0005440400292344001,54.6875
11,4.524328067847197,4.165610477640552,-1.648309304808808e-08,6.153387227666792,299.78520577065024,0.0,0.005088617700702106,0.002782454126323772,-0.00189537483768882,0.06077798634538409,0.011574693489698504,-0.012298925011751206,0.04611037350653407,-0.006396335495818419,0.020316033724773364,-0.00195947899274457,-0.0014330642924849798,0.0005457792395558699,59.89583333333333
12,4.623954530043911,4.215625439102432,-1.684629282268194e-08,6.260448497130332,299.7975001213015,0.0,0.004850078538316778,0.002501308715105942,-0.001771508322404399,0.058111557018263656,0.010589970484062095,-0.011755137938838029,0.04327403156370756,-0.005778838916666127,0.019503033824723987,-0.0020192382689521475,-0.0012624563279338668,0.0005394384135730052,65.10416666666666
13,4.719720117129516,4.261252144585043,-1.717783031108885e-08,6.361869720882373,299.80909127413315,0.0,0.004627338782522817,0.0022526532298113365,-0.00165018162158172,0.05551034140755311,0.009695688076798515,-0.011227310840442184,0.04073431814320422,-0.005208716783681388,0.01862362609635916,-0.0020470103203803366,-0.001191274853607831,0.0005289296479485114,70.3125
14,4.8124246627828935,4.303241762362092,-1.7453252482917516e-08,6.4587343335613765,299.82010956597685,0.0,0.004386906690486084,0.0020279185678506325,-0.0015329162351023849,0.052896886913818844,0.008858997168079513,-0.010689704511204661,0.038061315628380034,-0.0046884465654218445,0.01770567586328517,-0.0019461066375566207,-0.0011268074217221948,0.0005126050895723314,75.52083333333333
15,4.901039368529731,4.341261864590842,-1.7702913072194423e-08,6.5500700284371165,299.8305434539799,0.0,0.004161476316249079,0.0018009760588546019,-0.001420594666323747,0.05029583890880823,0.007870038701242107,-0.010128245044287916,0.03535536373809909,-0.004170689142192821,0.01679899046975553,-0.0019769848440036844,-0.00101243852841661,0.00048570452790049393,80.72916666666666
16,4.988634178073748,4.376113373074809,-1.7914166040647395e-08,6.63870281974615,299.8405485539362,0.0,0.003951093642168154,0.0015915427976538794,-0.001310199367661525,0.0479136188230056,0.007197336883981194,-0.00959535914301414,0.03307543128440156,-0.003724073674467212,0.01589824361264365,-0.002051459138614824,-0.0008969794818282699,0.0004471444599613945,85.9375
17,5.073831062390942,4.4069796408507145,-1.8111850075823708e-08,6.7230725554802255,299.85014736536425,0.0,0.003748437038138319,0.0014038968484266531,-0.0012069665061003661,0.045523666281799886,0.00654219453959642,-0.009042315388350146,0.0308893187426551,-0.0032655535564910395,0.015010131803329952,-0.002128411724869989,-0.0008356025303405481,0.0004068248040827551,91.14583333333333
18,5.1579693176060974,4.435890479281004,-1.8284094933683955e-08,6.805531190684836,299.8594028219615,0.0,0.003544690264878619,0.0012530330543027498,-0.0011067412158698479,0.04320558238640632,0.0060522416396641835,-0.0085135300314774,0.029030843611487125,-0.002885029425911397,0.014160204373180054,-0.002112732291660523,-0.0008126471950019862,0.0003740453843121666,96.35416666666666
19,5.239643247202439,4.462491051441444,-1.845096757713301e-08,6.884774332119037,299.8683069250351,0.0,0.0033428913459983157,0.0010927835769852215,-0.0010164229254410835,0.040893065454433435,0.005585880759273007,-0.007980464205337934,0.027036485642301624,-0.0025021714081332235,0.013364377531581437,-0.0020199255919646983,-0.0007149408387772025,0.0003461336647184885,101.5625
20,5.318950400644628,4.486182087128201,-1.858968876132139e-08,6.960515166612024,299.876804450744,0.0,0.003137980593698863,0.0009311778807206478,-0.0009300209771852577,0.038675474688650305,0.00500771878090826,-0.007499256863147502,0.025069068191271204,-0.002188148633163424,0.012611175058230319,-0.001991260435857647,-0.0006061835945071176,0.0003224995509415646,106.77083333333333
21,5.395550354461156,4.507428129625636,-1.8724657324747992e-08,7.032784184047305,299.884930133313,0.0,0.0029363119585833733,0.000788216612457858,-0.0008512054302886783,0.03649944196942353,0.004396874598770957,-0.006996697701507135,0.023146177092594554,-0.0018766362838356628,0.011899794053395913,-0.0019431012362691295,-0.0005116040019432418,0.00030270507112448923,111.97916666666666
22,5.470469129781634,4.526202084530895,-1.8821435474063965e-08,7.102354989666394,299.8926586043291,0.0,0.0027348148988770534,0.0006639870763636613,-0.0007750762303142029,0.0343710257784696,0.0037137259463483653,-0.006519407046173981,0.02132104759898255,-0.001617418183163328,0.011199863203919986,-0.0018750947885728675,-0.00045424426578217017,0.0002833218772664604,117.1875
23,5.542027647119514,4.543332208070764,-1.890571108389362e-08,7.16844606500545,299.900018573487,0.0,0.002550952755406775,0.000557523085824201,-0.0007059712086773918,0.03237415151507944,0.003041356977813494,-0.0060788990913076815,0.019543762035838942,-0.0013741539808254076,0.010486143773273792,-0.001769973601366144,-0.0003991552571621616,0.0002640780682941747,122.39583333333333
24,5.611630110354369,4.558612385670231,-1.891980958399272e-08,7.231994371732457,299.9070269650949,0.0,0.0023753160554852784,0.00045710500447851974,-0.0006393284694739233,0.03036872606179817,0.0025731325015847604,-0.005619314943644889,0.017936874684874034,-0.0011513952996513464,0.009773030480564016,-0.001606379943044653,-0.00033714165684107275,0.00024459084650480396,127.60416666666666
25,5.677787880587053,4.571866208612524,-1.8950615587171453e-08,7.291734948373321,299.9136895525022,0.0,0.0022268962242450374,0.0003734516427756943,-0.0005787052243032051,0.02867998655247573,0.0021448024370490917,-0.00522561805256677,0.01646560736990719,-0.0009543185033433768,0.009089058030928241,-0.0015750514920672533,-0.00026367345626508644,0.00022242149979770053,132.8125
26,5.743830601765499,4.58367690725218,-1.9025696868671145e-08,7.350636122917442,299.92006982995525,0.0,0.0020657713560846263,0.00029403140308704767,-0.0005188035587386122,0.026921259769623413,0.0017689575097480474,-0.004782291177308236,0.0151826841552281,-0.0007895591421101286,0.0084569847934324,-0.0015745209674323255,-0.00020724927401754404,0.00019920099261295715,138.02083333333331
27,5.806752793594589,4.594022338117167,-1.918665704407245e-08,7.406338228890096,299.9261338587386,0.0,0.001922792398168194,0.00022516031637708327,-0.0004669166933278004,0.025283063246884497,0.0014460357558184495,-0.004430320478813517,0.014015702127051688,-0.0006491366120623146,0.007866959462550463,-0.0015071004763114425,-0.000174782060443034,0.00017826140895109687,143.22916666666666
28,5.8701470770033755,4.60269119229518,-1.9343954354580296e-08,7.461498331197604,299.93198987659014,0.0,0.0017589875132607187,0.00016139972930958525,-0.0004132499354754862,0.023347131966438707,0.0011459956262919293,-0.003995794715208656,0.01290927055564573,-0.000518429913253766,0.007299552528984429,-0.0013899703483509606,-0.0001664407215778914,0.0001623511596530404,148.4375
29,5.928775010529479,4.609826968493019,-1.9302038128482373e-08,7.512106257011464,299.9374542747041,0.0,0.001639780797972435,0.00011735276127359392,-0.00037329708701662896,0.022025553817414854,0.0008836776120479731,-0.0037054224158557018,0.01187633037290843,-0.0004178845832028098,0.0067393394985065455,-0.0013606934028260148,-0.00013770147611586353,0.0001484346261083351,153.64583333333331
30,5.989652048563764,4.616425245736379,-1.9631599582067523e-08,7.564291646171109,299.94282519253505,0.0,0.001479746443314702,8.05120904021751e-05,-0.00032445856088794315,0.020212569014682758,0.0006062444136291456,-0.0032659113768075594,0.010754675860043621,-0.0003142313638121415,0.0062163258242269965,-0.0012499921420610833,-0.00010852338043315219,0.00013577182888143191,158.85416666666666
31,6.042416049274928,4.6215105138333605,-2.0059251017029616e-08,7.609260118800369,299.9473707438857,0.0,0.0014060032431513184,5.3579323664702593e-05,-0.0003055109349427789,0.019203159732069666,0.000496874920951852,-0.003068686945060364,0.009916205672545092,-0.0002499414732902715,0.005723440400516638,-0.00122129879211423,-8.59059011425114e-05,0.00012211573808058851,164.0625
32,6.102601182009894,4.626351367910309,-2.083969482243143e-08,7.660105976539213,299.95286118513127,0.0,0.0012805689469896104,2.650539956301557e-05,-0.0002681722738456294,0.01756939747942473,0.0003196717808166426,-0.0027514562274701037,0.00890276324111613,-0.00017883847709476833,0.005257960834843258,-0.001078052465454686,-6.005052771089893e-05,0.00010899949597568694,169.27083333333331
33,6.1512941108393475,4.629488557428192,-2.0934214239343105e-08,7.700867503641271,299.9567953502856,0.0,0.001111932422616953,6.074863350035222e-06,-0.00021636952675640813,0.015664939779881558,0.00018890397629576475,-0.0023491583803586544,0.007975383503456767,-0.00012157057463908536,0.0048096589746247686,-0.0009520845285237507,-4.099903202721839e-05,9.538614565045476e-05,174.47916666666666
34,6.204454712041319,4.6316081097575905,-2.1042733414741738e-08,7.7447279548528405,299.9611170390452,0.0,0.0010117325668253625,-8.695568766019295e-06,-0.0001918577682608595,0.014387056840962423,0.00015223474554831344,-0.002140396063080156,0.007165828453511318,-7.80284760537323e-05,0.004379300967834183,-0.0008570836544217587,-3.567032301050982e-05,8.214737465606263e-05,179.6875
35,6.251899172940755,4.632390115392819,-2.104951549904992e-08,7.783312721182513,299.96499349265724,0.0,0.0008888105461573215,-1.5243763203670394e-05,-0.0001616878127655089,0.0128897338935393,0.00013268122709270749,-0.001839304464445958,0.006396355156132839,-3.5018055916506745e-05,0.003971213332410091,-0.0007723535205536956,-2.7639924725927163e-05,6.882559798009516e-05,184.89583333333331
36,6.299949364719088,4.632411106202373,-2.100044743247656e-08,7.822052095984023,299.968792441729,0.0,0.0008006264165090212,-2.600664990145329e-05,-0.00013868496163017797,0.011774993494585802,5.330684642362694e-05,-0.0016318247277309645,0.005625789173701301,-6.482734658864071e-06,0.003589549443444757,-0.000688248072680626,-1.6351370829023806e-05,5.6973968055861924e-05,190.10416666666666
37,6.343498853220826,4.6315249887087795,-2.09093814741099e-08,7.85673077750348,299.97229062123284,0.0,0.0006952485293215494,-3.887132630001102e-05,-0.00011577573138312889,0.010484396374914615,-6.420946319166121e-05,-0.001384688703171763,0.0049378661683367655,1.8433461337312544e-05,0.0032422451801221728,-0.0006085894700880038,-7.857384782428372e-06,4.627676286879604e-05,195.3125
38,6.386343947557922,4.629980797548881,-2.079784448559438e-08,7.890559977600017,299.9756017587226,0.0,0.0006118053872233669,-4.572404243778428e-05,-9.611951565869087e-05,0.009477536546476756,-0.00013931589569348503,-0.0011910596300303232,0.004330740656685398,3.730535411907568e-05,0.002917820582521307,-0.0005531599230462815,-3.386842030022078e-06,3.66832808222019e-05,200.52083333333331
39,6.4258087538435795,4.627529499931041,-2.0665742759419223e-08,7.921203500370802,299.97866315846795,0.0,0.0005289033458702551,-4.6248478836738186e-05,-7.839073404284623e-05,0.008352749016287703,-0.0001731035187776401,-0.0009884173913751963,0.003767071692520717,5.0996845872158725e-05,0.002622468600676135,-0.0004691694151030534,-1.3080663685859558e-06,2.8248051120816935e-05,205.72916666666666
40,6.4640191650382475,4.624995478647315,-2.0526345481428942e-08,7.950853106350014,299.981507555382,0.0,0.00045637283851029063,-4.884373195383358e-05,-6.278206856957059e-05,0.007383083830928331,-0.00021349313601024664,-0.0008215276475267372,0.0032512812594264646,5.881041785091847e-05,0.002353424270839695,-0.0004010449020564627,2.5887649433864284e-06,2.1350136749948524e-05,210.9375
41,6.49932652398483,4.621910248524951,-2.0376430808624958e-08,7.977886365884502,299.98411748330625,0.0,0.0003905024340203896,-5.0503852300819094e-05,-4.934286224560351e-05,0.0064660616258075026,-0.0002699974070653717,-0.0006582576179499854,0.002769575569470932,6.17684526948695e-05,0.002106656511468932,-0.0003468690160604558,9.371686414056758e-06,1.616678168468593e-05,216.14583333333331
42,6.533553212271266,4.618710967837991,-2.0226190695627366e-08,8.004044484783506,299.98656552801003,0.0,0.0003340534305747636,-4.919084588049979e-05,-3.743184127850898e-05,0.005645862608947332,-0.0003067996328608152,-0.0005229269121410478,0.002354094447264662,5.720907826543361e-05,0.0018832788546106702,-0.0002981353701732146,1.3015685033716401e-05,1.2219668939240283e-05,221.35416666666666
43,6.56518664698661,4.614787205332806,-2.0073397127794185e-08,8.027728539480245,299.9888342246976,0.0,0.000275977890694778,-4.606604848231897e-05,-2.8169084861923865e-05,0.004746634272269581,-0.00030116910503948785,-0.0004019033024632316,0.0019860255373785165,5.3716891128779734e-05,0.001684191722976005,-0.00024194815992952882,1.414900085270847e-05,8.95700126213531e-06,226.5625
44,6.594565122100868,4.611361167648063,-1.9925285184599214e-08,8.049898972337505,299.99089692351265,0.0,0.00022223248004623358,-4.0277025022190924e-05,-2.03797450694472e-05,0.003949583899615343,-0.0002733274228577587,-0.00030131351735284914,0.0016526217778286988,4.609115782838272e-05,0.001508268422692722,-0.00019599748772104343,1.2853789529740594e-05,6.299951169679423e-06,231.77083333333331
45,6.620763880843503,4.607723976052448,-1.978049667179823e-08,8.069395347005571,299.992765418451,0.0,0.00017509759356297604,-3.5165800657777206e-05,-1.4396543658852035e-05,0.0032428701147854716,-0.0002385191450318058,-0.00021436157424076493,0.0013659943985762633,4.244341508078174e-05,0.0013502911005057229,-0.00015500817749317683,1.0102876074730876e-05,4.332309776111102e-06,236.97916666666666
46,6.644351977556988,4.604355163034374,-1.964411159956508e-08,8.086950221193915,299.99442902641107,0.0,0.00013463684521016622,-2.931045938665784e-05,-9.405577922636285e-06,0.0026201210437597415,-0.0001969717066451658,-0.0001452875967317429,0.0011283430662047285,3.507684844331558e-05,0.0012064777793021396,-0.00012131948270522718,8.333223127018465e-06,2.9411323099213096e-06,242.1875
47,6.664329826495817,4.60123910147525,-1.9517339440118373e-08,8.101707059727296,299.99586121837666,0.0,9.962744324440449e-05,-2.4144831622083214e-05,-5.935987814156311e-06,0.0020786030812253936,-0.0001503255329356453,-8.991822004852705e-05,0.0009381714630954384,3.181537765542988e-05,0.0010755926746079606,-9.129621725966229e-05,6.293809054514225e-06,2.0270538389740545e-06,247.39583333333331
48,6.681253606568344,4.598520169478004,-1.940352070807804e-08,8.114191800155645,299.9970301160618,0.0,7.038183831566197e-05,-1.9232926099022388e-05,-3.257575074995815e-06,0.0016204732013117432,-0.00010713793187082543,-4.9781539832624135e-05,0.0007932966333349559,2.6018467401918605e-05,0.0009554046337594296,-6.456166799084644e-05,4.071362947188418e-06,1.4662446388721805e-06,252.60416666666666
49,6.694631686532531,4.596066874470297,-1.930469759171914e-08,8.1239079565814,299.99794740214486,0.0,4.6766152261684325e-05,-1.4300556493951217e-05,-1.5476849672833901e-06,0.0012409903285202112,-6.681705089252588e-05,-2.3856512142436302e-05,0.0006806828794559943,2.3590204279356847e-05,0.0008454015252379672,-4.249554509555871e-05,2.8237030386431953e-06,1.1153810578723876e-06,257.8125
50,6.704699489778811,4.594308078962185,-1.9219740040740246e-08,8.13128439709503,299.9986303656694,0.0,2.9593546953669303e-05,-9.65626654227697e-06,-3.466064827024581e-07,0.0009686646080781451,-3.446700888461826e-05,-8.745559455693127e-06,0.0005961817170707267,1.904445148592813e-05,0.0007460205971663898,-2.7925838395788515e-05,1.3550355883840548e-06,8.885125638085049e-07,263.0208333333333
51,6.711794541278391,4.59292112859664,-1.915337624361838e-08,8.136406901920951,299.99911587279405,0.0,1.802130864395761e-05,-6.043546921625284e-06,2.3104661209387302e-07,0.0007628544017875996,-1.8664819711750083e-05,-2.7923730456605024e-06,0.0005257625496705263,1.7620231586477626e-05,0.0006582088526590106,-1.595043598360067e-05,4.488114151167299e-07,7.504107228539071e-07,268.22916666666663
52,6.71674463444014,4.59227380753023,-1.9098585441455478e-08,8.140159722160787,299.99943380828296,0.0,1.0231186177103854e-05,-3.5704047286784018e-06,5.936046849798208e-07,0.0006153884641336794,-1.2111106323179276e-05,-2.094702075411346e-06,0.0004739547182810388,1.6310394241189077e-05,0.000582469080197203,-8.0162548117387e-06,8.429666619549565e-08,6.970811247392646e-07,273.4375
53,6.720081510113002,4.591741194400931,-1.906391638614838e-08,8.142631289902647,299.99964540664973,0.0,5.5295416283897325e-06,-2.071437757559037e-06,6.635885723633597e-07,0.000518539480512387,-1.4683363296881397e-05,-4.993588945479674e-06,0.00042575435690204636,1.5742972383581765e-05,0.000518780932065966,-3.605247550056965e-06,6.67790081780458e-08,6.734189211879743e-07,278.6458333333333
54,6.722315900254114,4.591847186354934,-1.9035182884960343e-08,8.144548178910112,299.99976447448444,0.0,3.169085562243901e-06,-1.2037039035598865e-06,7.049360204538619e-07,0.00045414579936053066,-1.8361662547843512e-05,-9.665496105344705e-06,0.0003904673491901297,1.5502166829203672e-05,0.0004660518012720913,-1.0629910121982532e-06,-4.732482859733582e-08,6.392834880222801e-07,283.85416666666663
55,6.723731251526096,4.591904616597081,-1.9021747684406772e-08,8.145755895930236,299.99984386989803,0.0,1.8397478464232497e-06,-7.565533073119596e-07,6.696369146043162e-07,0.00040858920714360994,-2.0922689068982287e-05,-1.478802392452129e-05,0.0003571684481176474,1.514714635073593e-05,0.0004230179247225701,3.9978013358049206e-07,-1.5818199315835861e-07,6.076682005158885e-07,289.0625
56,6.724840353558247,4.592188269834185,-1.900554907420996e-08,8.14683923716329,299.9998832844839,0.0,1.0583332099880315e-06,-4.4036771356759173e-07,6.639036647863846e-07,0.0003751208478023858,-2.3299961001817733e-05,-1.9803743602754716e-05,0.0003348368001954271,1.5850338061692696e-05,0.0003880545220987942,7.208091555347586e-07,-2.601758851436733e-07,5.958882799900857e-07,294.2708333333333
57,6.725717342009307,4.592245137105988,-1.9015882265940703e-08,8.147594986680774,299.9999156050396,0.0,5.983786703676753e-07,-2.342175756848066e-07,6.0617550179063e-07,0.00035371952779596303,-2.5598656620059606e-05,-2.4806429076010913e-05,0.0003141845743596303,1.5861363203774744e-05,0.0003591220339377195,7.320020131492859e-07,-3.189082706471945e-07,6.069163772994816e-07,299.47916666666663
58,6.726600062188787,4.592470475691218,-1.9055919520853423e-08,8.148450828147903,299.9999272724061,0.0,3.9425122777907944e-07,-8.305935304865627e-08,5.621366912805484e-07,0.0003359101928409603,-2.752959674269499e-05,-2.881501502694567e-05,0.000301049485793443,1.6987962781503937e-05,0.00033505702601631555,6.484099860651276e-07,-2.620170898354858e-07,6.285580908556251e-07,304.6875
59,6.727275269403949,4.592557116587933,-1.9139235449756547e-08,8.149052956320928,299.99994231880856,0.0,3.438155415531913e-07,-3.0837075484898577e-08,4.907138384327898e-07,0.00032323840398237083,-2.8173294779753622e-05,-3.31548391085634e-05,0.00028849997085162447,1.756280863548664e-05,0.0003150673232245409,6.478712463053982e-07,-2.7347470173995997e-07,6.503783695356629e-07,309.8958333333333
60,6.728144147638364,4.592550446290517,-1.922981300813467e-08,8.149763449391946,299.9999443536802,0.0,2.9597573457962355e-07,2.115767430297351e-09,4.411719099661755e-07,0.00031077848402430447,-2.7422507142574798e-05,-3.583248050718727e-05,0.0002765309224938719,1.8297697571659112e-05,0.00029831894862039713,5.395819509875128e-07,-2.532682558481127e-07,6.669659026999672e-07,315.10416666666663
61,6.7289305420772685,4.592322733781969,-1.9251461107533145e-08,8.150280347159837,299.9999530506535,0.0,2.6237576720145566e-07,5.486591990260131e-10,3.7796196343425156e-07,0.00030428569459480485,-2.710719081687385e-05,-3.8824937100282246e-05,0.00026487031413168546,1.8434383853312105e-05,0.0002838950824359884,4.5517726853225017e-07,-2.974225078427554e-07,6.791334620933523e-07,320.3125
62,6.730024323674264,4.592020193381449,-1.9435030908540342e-08,8.151010225808374,299.9999514684529,0.0,2.1917518500380377e-07,3.540058591592789e-08,3.2854120611197424e-07,0.00029763556812674365,-2.532067988786691e-05,-4.014260685116164e-05,0.00025417135399115814,1.858169559254596e-05,0.00027135179077455155,4.4973836547248424e-07,-2.945473132522441e-07,6.856960736634614e-07,325.5208333333333
63,6.730947653139294,4.591516820863782,-1.964703987524122e-08,8.15148791712359,299.99995779201186,0.0,1.9795245462901927e-07,2.9925242724504175e-08,2.8493999695627584e-07,0.00029842539057216115,-2.2816396194056546e-05,-4.138411149257719e-05,0.0002465652830196611,1.8943875097461808e-05,0.00026029511650900683,4.650177885382593e-07,-2.21837761114037e-07,6.828695758262092e-07,330.72916666666663
64,6.732112006278787,4.590967904052988,-2.007325638513263e-08,8.152140831231367,299.9999543989735,0.0,1.8470240185461774e-07,2.2720079533129746e-08,2.2627405227709937e-07,0.0002958191682984335,-2.0208342526840035e-05,-4.158188392711372e-05,0.00023816778643906975,1.9698986257102076e-05,0.0002503020721637831,4.946434023970066e-07,-1.8022065166016378e-07,6.712740804404307e-07,335.9375
65,6.733035918363735,4.590265402865342,-2.0209026686466746e-08,8.152505101333121,299.99996053000285,0.0,1.6651910337951778e-07,1.8795143857780796e-08,1.9136432536186077e-07,0.0002927125499299577,-1.9205192101990334e-05,-4.071900891815618e-05,0.00023325887194658597,2.0705877856669724e-05,0.00024112904951024877,5.516678439237531e-07,-1.4641658046854238e-07,6.595850797179737e-07,341.1458333333333
66,6.7341032155426275,4.58944870478215,-2.0363436581370885e-08,8.152922388907463,299.9999575478385,0.0,1.4647702292466717e-07,8.217041685178603e-09,1.3830411978607752e-07,0.00029031542786808675,-1.7943701836303583e-05,-3.945962756816785e-05,0.00022965787156726178,2.1147593665200213e-05,0.00023278520406011101,6.379542219286295e-07,-7.685549666331639e-08,6.469911700996838e-07,346.35416666666663
67,6.735010413897064,4.588600244136818,-2.0493591656663275e-08,8.153193295661696,299.9999644239601,0.0,1.2728306221622756e-07,1.6637816117199268e-08,1.2409107070519443e-07,0.00028684632679615556,-1.889713348981788e-05,-3.6837293039849175e-05,0.00022282509656927014,2.1657564600943637e-05,0.00022559339968020105,5.948447422620577e-07,-8.138595520566767e-08,6.303862457313255e-07,351.5625
68,6.735941548916658,4.587807650661742,-2.061422672541135e-08,8.15351579515299,299.9999598101649,0.0,1.125224691341074e-07,6.772027904807745e-09,7.915797471582366e-08,0.00028596753287490786,-1.9649451745493844e-05,-3.463656849770274e-05,0.00021627062945439986,2.180583602547717e-05,0.00021972417472378004,4.7375971330991834e-07,-8.36580507453321e-08,6.124409675716383e-07,356.7708333333333
69,6.736850305951441,4.586996687059793,-2.071403038397337e-08,8.153811398324004,299.99996713028463,0.0,1.1661884970787732e-07,1.584208092915934e-08,6.438919669452272e-08,0.0002847878066035567,-1.9334218663855518e-05,-3.142533093727283e-05,0.00020702966705898816,2.2078745536174728e-05,0.000214885130638118,3.2893120511063436e-07,-4.515340807782065e-08,5.996477307894598e-07,361.97916666666663
70,6.7377243440965975,4.586236074997108,-2.0811733202727826e-08,8.15410535943476,299.9999616618519,0.0,1.200585117640818e-07,1.3441502642255081e-08,3.1519979011821156e-08,0.0002805870813996793,-1.63535568543627e-05,-2.896487813658954e-05,0.00019786818368199536,2.2243092342985713e-05,0.00021047793896345997,1.231654038435347e-07,4.8060034428256595e-08,5.954715506492259e-07,367.1875
71,6.7384891661739035,4.58538015578941,-2.0880013940528394e-08,8.15425388532878,299.9999686875833,0.0,1.302503856619831e-07,1.7288199078336846e-08,1.978205079652148e-08,0.0002757318368279411,-1.573455420634558e-05,-2.5822418680318548e-05,0.0001898839826263537,2.2874017605966406e-05,0.00020626809206066582,-7.248512648436944e-09,1.5113694347988929e-07,5.978608765740427e-07,372.3958333333333
72,6.739328150294373,4.5845697181056515,-2.0938751484818693e-08,8.154486229170432,299.9999620351365,0.0,1.229704028864387e-07,2.7533263147940257e-08,-4.1379270310897424e-09,0.00026832027522301485,-1.080205240818494e-05,-2.3297528747084237e-05,0.0001841872482458268,2.3007677243728666e-05,0.0002020329042452387,-1.0002275326339019e-07,1.7794461379704977e-07,6.021826757547617e-07,377.60416666666663
73,6.740044609853475,4.583684777129266,-2.09466815223495e-08,8.154577033757262,299.9999697858985,0.0,1.226728852081304e-07,2.5887365783971003e-08,-2.7923169261590203e-08,0.0002600310214841957,-8.4077637910361e-06,-1.9790538243273202e-05,0.00017928318709067335,2.3459062301913005e-05,0.0001975878187594542,-1.6011509108243646e-07,1.421561829164473e-07,6.030626703859135e-07,382.8125
74,6.740791934351068,4.582862787695503,-2.0923654782432664e-08,8.154730987542953,299.99996297796423,0.0,1.065330894757659e-07,4.3134900222210686e-08,-3.472960687516417e-08,0.00025321423097725824,-5.49468659002155e-06,-1.767884574643671e-05,0.0001734618021273028,2.3707002986790155e-05,0.000192784764099982,-2.3407496771037604e-07,5.243062289770474e-08,5.915153533661143e-07,388.0208333333333
75,6.741436793823341,4.58194274755348,-2.0838666125918434e-08,8.154748278485743,299.9999714832377,0.0,1.0274096603450189e-07,3.969120659746238e-08,-5.719890410175511e-08,0.0002476963746953317,-5.092070085224384e-06,-1.5421648357737805e-05,0.00016952290348804644,2.4211920106098174e-05,0.0001875082765202146,-2.328510089975843e-07,-1.8159175841342805e-08,5.644976056487698e-07,393.22916666666663
76,6.742034336614414,4.580932749308542,-2.070458857586137e-08,8.154675266490246,299.9999646770019,0.0,7.996662689143592e-08,5.281231138127858e-08,-4.4226663811546957e-08,0.00024160575252014907,-4.882959666567229e-06,-1.4513719787178662e-05,0.00016671247767227179,2.4007877953654884e-05,0.00018194506664594926,-2.622035590566229e-07,-6.67866360377573e-08,5.295435753363575e-07,398.4375
77,6.742504880550997,4.579996313566715,-2.050543462795481e-08,8.154536984969548,299.99997279996893,0.0,8.877838548388082e-08,5.2822035646231316e-08,-7.777285882920758e-08,0.00023565727937190233,-6.410357559724078e-06,-1.3720610427250252e-05,0.0001666265111923149,2.325480276127151e-05,0.00017619199781529078,-3.4581979084576985e-07,-9.674564592035484e-08,4.907341592477437e-07,403.6458333333333
78,6.743039965883701,4.579130462712796,-2.0254625902130083e-08,8.154492469777347,299.99996856192564,0.0,7.505541848637861e-08,5.8073409584101236e-08,-4.948473357545512e-08,0.00022835459836602717,-7.197204482969983e-06,-1.401274768532484e-05,0.00016533650300805372,2.167956761730686e-05,0.00017027420590284603,-4.446364850956987e-07,-1.4101719186761418e-07,4.48443480533146e-07,408.85416666666663
79,6.74348167501426,4.578330517316843,-1.9972817895839145e-08,8.154409845947049,299.99997463283796,0.0,8.497099507266355e-08,4.915191055508225e-08,-8.123520803489893e-08,0.0002238026959832837,-7.911825174812107e-06,-1.4592609406800156e-05,0.00016500542435822873,1.992038818129475e-05,0.0001644107025179069,-5.687509847311018e-07,-1.7390369002299198e-07,4.0414643974589735e-07,414.0625
80,6.743955325087177,4.577498040819312,-1.96805130856804e-08,8.154335021556646,299.9999724914353,0.0,8.846273469168579e-08,4.905318577025469e-08,-4.58634960531936e-08,0.0002188715168137679,-1.0351243147452034e-05,-1.645956996976447e-05,0.0001621315365744214,1.735576993415161e-05,0.00015838628829333977,-6.276014000914941e-07,-1.8278298990367292e-07,3.642356824759266e-07,419.2708333333333
81,6.744294561460211,4.5768394746113366,-1.9414293882425145e-08,8.15424604810695,299.9999756114421,0.0,8.89614227041733e-08,3.4340051902762304e-08,-7.969062155630462e-08,0.00021488498906571687,-1.4404860389258116e-05,-1.8102414640005467e-05,0.00015681800136267522,1.4686562163707368e-05,0.0001519933274349514,-5.849817131847768e-07,-1.5713723820442407e-07,3.3197551384505943e-07,424.47916666666663
82,6.744645688041003,4.576174418611394,-1.9167721061169027e-08,8.15416320129498,299.9999756036778,0.0,1.0442160143656585e-07,3.225559769295377e-08,-5.38645430129777e-08,0.0002115013362091274,-1.5935219270511652e-05,-2.063335688010646e-05,0.00015079688916145038,1.2105490576776627e-05,0.00014549171756797453,-5.687086215945332e-07,-2.2109494289904245e-07,3.031290875338368e-07,429.6875
83,6.744928546838084,4.575639840977466,-1.900174956912569e-08,8.154093819328248,299.9999766316284,0.0,1.0336683742498655e-07,3.242266407142701e-08,-7.681578751070986e-08,0.00020774998298475072,-1.5195225976831092e-05,-2.2560803857039243e-05,0.0001439513949678343,9.676678949671734e-06,0.00013926994875994569,-4.93632932350598e-07,-2.4264809254626217e-07,2.7136981786170403e-07,434.8958333333333
84,6.745228908764831,4.575187826077364,-1.885424481731973e-08,8.15408712111334,299.9999779990426,0.0,1.1764418809002998e-07,2.8571199417026377e-08,-5.692357809097743e-08,0.0002068574434576627,-1.2582000190567887e-05,-2.43305581392198e-05,0.0001367993970054544,7.450582107403913e-06,0.0001338972919532593,-4.211268976039399e-07,-2.4153722474927197e-07,2.3393812380067516e-07,440.10416666666663
85,6.745499011511938,4.574922413996428,-1.8820988083424043e-08,8.154164167234665,299.9999776425153,0.0,1.1403849390938768e-07,3.0158182321756426e-08,-6.933512604528348e-08,0.0002038704471081124,-8.657650820426143e-06,-2.5658421407149584e-05,0.00013093205894130667,5.583724515412117e-06,0.00012980785362609888,-3.1793305924339864e-07,-1.802268975105187e-07,1.921540102906856e-07,445.3125
86,6.745891083358902,4.574603143604431,-1.8769731333716802e-08,8.154313694982333,299.9999802265823,0.0,1.1689202229407949e-07,1.2522813591754842e-08,-5.815308044923495e-08,0.00020144697635855096,-5.995707781253105e-06,-2.635908541570372e-05,0.00012450670758959792,4.0551663882627905e-06,0.0001271440510741902,-2.8567863498998947e-07,-6.09067987930254e-08,1.5229391852234758e-07,450.5208333333333
87,6.7462623611897925,4.574361957590605,-1.880349368436371e-08,8.15448947002434,299.9999792875418,0.0,1.1633968635427613e-07,1.2800989009807126e-08,-6.658851453561878e-08,0.00019785249462691773,-3.0515156975147754e-06,-2.702169650924001e-05,0.00011967994014645119,3.2064086463755123e-06,0.00012576031614529057,-2.369737685370773e-07,1.2524480627742587e-08,1.2132586688146118e-07,455.72916666666663
88,6.746787318960546,4.574009959832979,-1.87172729959335e-08,8.154724624940833,299.99998312651303,0.0,1.0324891339127615e-07,9.123101370231134e-09,-5.911656605758666e-08,0.00019595123767630944,7.015824424707716e-07,-2.7441856786724407e-05,0.00011872299859698634,2.0553249145284156e-06,0.00012526337396954904,-1.819771319746229e-07,5.496841169642709e-08,1.0416483430081421e-07,460.9375
89,6.747255933493217,4.573742571273929,-1.8828368110722813e-08,8.15496410228517,299.99998103200284,0.0,9.98404153657608e-08,1.7214782933598866e-08,-6.066285796298876e-08,0.00019196645918926605,4.721417656524934e-06,-2.70412770227052e-05,0.00012108961071434985,1.31560304211025e-06,0.00012524014782033636,-2.4254624305580697e-07,1.6035230737827169e-07,1.0662226926499436e-07,466.1458333333333
90,6.747951434297255,4.573355132353108,-1.918727317425885e-08,8.155322376823905,299.9999845939324,0.0,7.180739572087767e-08,1.511230685904102e-08,-5.711560093511406e-08,0.0001871733071636423,7.687787857653935e-06,-2.7052903759904558e-05,0.00012308124147484168,1.439741890834012e-06,0.00012516353259870192,-3.643056105247338e-07,1.977229406258912e-07,1.302598727467982e-07,471.35416666666663
91,6.748540203559737,4.572935795541757,-1.994791760797206e-08,8.155572513912437,299.9999818529679,0.0,8.003732693218509e-08,2.7962387095656728e-08,-5.5967586937139196e-08,0.0001813904585733709,1.0226189807345554e-05,-2.564416841314277e-05,0.00012091282166486525,1.001822508087689e-06,0.0001244683786770733,-5.626480340589138e-07,1.5419482779119986e-07,1.6859023423942821e-07,476.5625
92,6.749279939333556,4.572502877604759,-2.0758763029222966e-08,8.155938774327389,299.9999849282496,0.0,5.0343503229207805e-08,2.222523774985785e-08,-5.5807482337725754e-08,0.00017909745518141778,1.1402742196035633e-05,-2.5576538337189724e-05,0.00011632412045257708,1.1251589018854617e-06,0.00012278792783578063,-6.262798438040173e-07,6.102339819741419e-08,2.128100529204579e-07,481.7708333333333
93,6.74983259501757,4.572185069042844,-2.0856559258781897e-08,8.156209698108734,299.99998310333973,0.0,6.79532671808689e-08,2.698617702289965e-08,-5.1571014797406316e-08,0.00017275370419670365,1.1662639279192985e-05,-2.3931384192575487e-05,0.00011499004772391428,8.215746196302604e-08,0.0001201380950655483,-6.232703974210161e-07,3.949224800165435e-08,2.490805788054711e-07,486.97916666666663
94,6.750427369496871,4.571832591616399,-2.2564146728412726e-08,8.15649856356942,299.9999855207559,0.0,4.7918468565232255e-08,2.6860835967129158e-08,-5.394361673161492e-08,0.00016700520896915667,1.3073909530224087e-05,-2.3749022829148886e-05,0.00011384298009158353,-1.4622286683278968e-06,0.00011703062456897385,-6.272425569281489e-07,5.782271804455957e-08,2.6847215817413564e-07,492.1875
95,6.750845190696244,4.571427163703756,-2.459100227908139e-08,8.156611195865356,299.9999845426913,0.0,5.922736920079796e-08,2.7409299221514693e-08,-5.110077093165767e-08,0.0001572387113034631,1.37410321551021e-05,-2.2390810571057517e-05,0.00011620966031953925,-3.7110719586592644e-06,0.0001140583925130346,-5.525800799707151e-07,6.422768182402599e-08,2.6849184526998007e-07,497.3958333333333
96,6.751415670419677,4.570918639064115,-2.8554766125993304e-08,8.156798266207376,299.9999877291469,0.0,4.2595862889522676e-08,2.7482738000616304e-08,-5.287915258953246e-08,0.00014397689017205416,1.4294842812552852e-05,-2.182804528089376e-05,0.00011472823356446291,-6.129877506471217e-06,0.00011126354418641549,-4.545729577964123e-07,5.025857653479138e-08,2.526638402460499e-07,502.60416666666663
97,6.751908872302894,4.5703514695016025,-2.9650192290861233e-08,8.156885522715069,299.99998661227147,0.0,4.883677934881032e-08,2.0487350068152032e-08,-4.546620875889831e-08,0.00013172470182867905,1.42091799782132e-05,-1.94585666539404e-05,0.00011333275205551994,-8.418474723882857e-06,0.00010804151872324135,-3.6445545752580614e-07,8.640279793565287e-09,2.3396242871921687e-07,507.81249999999994
98,6.752481814844762,4.56973264021993,-3.0841409698650866e-08,8.157014162641126,299.9999896892473,0.0,3.4421056099606746e-08,1.987598564487057e-08,-4.2707585165262055e-08,0.00012099423281028014,1.3425760375077079e-05,-1.8086267549891404e-05,0.00011129425168063107,-1.0903089829621493e-05,0.00010379033557251552,-2.9438850422139213e-07,-3.451153406427987e-08,2.1723414974906155e-07,513.0208333333333
99,6.752890148281393,4.56903485027981,-3.173745988025343e-08,8.15695962049104,299.99998778501765,0.0,4.5598429554030556e-08,1.7594251617349927e-08,-3.8095758202158734e-08,0.00011169864913179853,1.1813669576438852e-05,-1.5240700470046775e-05,0.0001078475348279198,-1.2622358681060471e-05,9.834667211900411e-05,-2.2163761192328696e-07,-7.353357248685087e-08,2.0011843353013717e-07,518.2291666666666
100,6.7532782912520615,4.568436147638972,-3.2378022248921405e-08,8.156947451186262,299.9999913877517,0.0,3.0616636073776456e-08,1.2058146116642379e-08,-3.571318854095746e-08,0.00010176249970550607,9.361063253199247e-06,-1.294028749258179e-05,0.00010479903727129243,-1.4917916743650794e-05,9.203615760957155e-05,-2.008563236653466e-07,-9.8522374192415e-08,1.821294508883665e-07,523.4375
101,6.753563638432645,4.567851637978297,-3.289172912097469e-08,8.156857687675389,299.99998836764337,0.0,3.758460769535169e-08,5.221732202262895e-09,-2.9573600018643485e-08,9.391768968590306e-05,6.13113958200058e-06,-1.0125623678231668e-05,0.00010200531514834668,-1.5863081071711417e-05,8.550627368417399e-05,-1.8854121186233094e-07,-1.1077736247968323e-07,1.6611552601557406e-07,528.6458333333333
102,6.753958332476506,4.567565229381414,-3.319812023595346e-08,8.157028083211483,299.99999271384246,0.0,2.8154062421383703e-08,7.046087412956988e-10,-2.7730886483996507e-08,8.838086320395998e-05,3.3348405270644477e-06,-8.537514071986573e-06,9.943751838988483e-05,-1.7327397629413095e-05,7.928678093702699e-05,-1.95304824432655e-07,-1.4947862809256462e-07,1.5519782405910732e-07,533.8541666666666
103,6.754126328763395,4.5674810415555465,-3.3434150615008324e-08,8.157124266910175,299.99998906140036,0.0,3.128130423737108e-08,-6.884718048971955e-10,-2.6596984576797638e-08,8.485230384287009e-05,6.887741200936145e-07,-6.9037162877409395e-06,9.40673887320487e-05,-1.7952986712358508e-05,7.355055577456947e-05,-1.8031100058627645e-07,-1.5999043939580224e-07,1.4829437397385678e-07,539.0625
104,6.754292210396165,4.567623255474306,-3.355105583014989e-08,8.157347692961112,299.99999447973255,0.0,2.9481901779519846e-08,-1.3171475617364674e-08,-2.3655573207703093e-08,8.295702771546902e-05,-3.9644005484830504e-07,-5.890102652066208e-06,8.788331484722135e-05,-1.872911022325513e-05,6.807022366583577e-05,-1.4729813608116515e-07,-1.5106830665575058e-07,1.4314113061399422e-07,544.2708333333333
105,6.754395653352318,4.567813932616526,-3.373102112219895e-08,8.157546016109812,299.99999070868523,0.0,2.4797891391478402e-08,-4.761365944262817e-09,-2.0572781743813494e-08,8.056476379277547e-05,-2.9947715633226846e-07,-4.915689790915079e-06,8.226276103500917e-05,-1.8587030051418382e-05,6.269950040171094e-05,-1.0596216039179512e-07,-1.4381585064154943e-07,1.372066645028009e-07,549.4791666666666
106,6.754478942417502,4.568169852130595,-3.3997193947038536e-08,8.157822994203812,299.99999586904016,0.0,3.115105385429693e-08,-1.3190403842714868e-08,-2.1052358757529107e-08,7.822095394972658e-05,2.2559207098835146e-07,-4.358949059058847e-06,7.695199572481508e-05,-1.814781578937334e-05,5.736529459538744e-05,-8.322068232507089e-08,-1.414823199763913e-07,1.2945286015724186e-07,554.6875
107,6.754526427021438,4.568515328286995,-3.4364337557534543e-08,8.158063610139475,299.999991943204,0.0,1.5884842681458443e-08,-5.551641896433368e-09,-1.825873373527083e-08,7.443742404109508e-05,3.0835490959245688e-06,-4.127055949652874e-06,7.057920853864268e-05,-1.65280901125329e-05,5.204866819028141e-05,-7.555237819163563e-08,-1.4761029791788858e-07,1.207088692006903e-07,559.8958333333333
108,6.7546002702896715,4.568980866332048,-3.4951602786528834e-08,8.1583915741267,299.99999652694015,0.0,2.606597651172193e-08,-8.289589620912426e-11,-2.5797204908239626e-08,7.051499838496975e-05,6.8261829779403035e-06,-4.238883961188596e-06,6.568340690311897e-05,-1.4862338524704607e-05,4.6739323568444236e-05,-1.1467003147438442e-07,-1.7401995517516333e-07,1.11434773941081e-07,565.1041666666666
109,6.754691007012925,4.569470380298594,-3.5642073094298884e-08,8.15874427232635,299.99999475624577,0.0,1.056750487846772e-08,8.60133386757741e-10,-2.3261639929659976e-08,6.537238171467862e-05,1.033089404779145e-05,-4.679421362585236e-06,6.148521723600406e-05,-1.255980724484951e-05,4.1342229524198724e-05,-1.3805348773583768e-07,-1.882558324032906e-07,1.0177809533848305e-07,570.3125
110,6.754802160019501,4.570079747340411,-3.6524476819359894e-08,8.159178425891266,299.9999975585527,0.0,1.6482795954969482e-08,6.69786333734106e-09,-3.2991075760277604e-08,6.057641428821824e-05,1.2529853343892403e-05,-4.948889388561374e-06,5.89525916337483e-05,-1.0472533034483557e-05,3.5743614712895617e-05,-1.591842007321153e-07,-2.00222053377953e-07,9.01271629743425e-08,575.5208333333333
111,6.754911439903588,4.570653036351808,-3.726815146459472e-08,8.159590206703905,299.99999927829595,0.0,1.628852981814408e-08,2.158388991364195e-08,-3.72902279605873e-08,5.681512702067846e-05,1.3373968170722567e-05,-5.137707136359774e-06,5.6117375258978166e-05,-8.140310413815288e-06,2.9908689299002217e-05,-2.1974338778195478e-07,-2.086684079127927e-07,7.493056077666234e-08,580.7291666666666
112,6.755083709933276,4.5712668914224315,-3.7805141652221486e-08,8.160076815674925,300.00000071527904,0.0,1.0779340563314478e-08,1.5053149516750922e-08,-4.1384554352786145e-08,5.446631565451812e-05,1.347019784408004e-05,-4.9110828898434385e-06,5.268879875430492e-05,-5.875405186434755e-06,2.3980519894063683e-05,-2.7588815292771737e-07,-2.1137687105693844e-07,5.684404593255715e-08,585.9375
113,6.755304551490523,4.571723975618069,-3.7863535593885803e-08,8.16051554813587,300.0000115530525,0.0,2.6644758190365573e-08,5.415311277772091e-08,-5.079700258007877e-08,5.2996371497228954e-05,1.2628121333841222e-05,-4.490623488818632e-06,4.881598206816468e-05,-3.7308969941415346e-06,1.832104186874725e-05,-2.9955602794527326e-07,-2.0660294645777774e-07,3.884453829509683e-08,591.1458333333333
114,6.755533291519896,4.572064901657235,-3.760158869176414e-08,8.160894656183224,300.0000155280867,0.0,2.9187070094857844e-08,3.9920199770944285e-08,-4.454749853715961e-08,5.137523590918016e-05,1.0692681317720862e-05,-3.897617040631325e-06,4.564313292125626e-05,-1.912252555747793e-06,1.3312700134004982e-05,-3.190175926426226e-07,-1.894695905771565e-07,2.3601392718350454e-08,596.3541666666666
115,6.755909787385378,4.572351586075629,-3.66544253413369e-08,8.1613645963951,300.0000421479789,0.0,6.067565039792832e-08,7.017533777439187e-08,-4.6590714335149925e-08,4.7918854045026e-05,7.281070000695437e-06,-3.036337826258074e-06,4.285890332185467e-05,-4.977326894874453e-07,9.19854230586931e-06,-3.1718274516035476e-07,-1.803543409212138e-07,1.2332957298270605e-08,601.5625
116,6.756330784052677,4.572795060309909,-3.577670244813155e-08,8.161960563532965,300.00007515948687,0.0,8.759813592349783e-08,1.0407036298269575e-07,-3.4757701714819316e-08,4.277684000612608e-05,5.043794457404082e-06,-2.2661282344779243e-06,3.9221481501660296e-05,3.3301664823506077e-07,5.985734389361014e-06,-3.1365097172815837e-07,-1.9130328852210691e-07,5.089836208145608e-09,606.7708333333333
117,6.756777792852132,4.57388163061072,-3.416695536499828e-08,8.16293975799479,300.0001631869039,0.0,9.566559364690908e-08,6.070243896390273e-08,-3.1636447707913476e-08,3.54900432502481e-05,4.146513743702917e-06,-1.6377414193269196e-06,2.493365265313693e-05,6.038005710225283e-07,3.683162048236168e-06,-2.6213929683746955e-07,-8.381333949240839e-08,1.4128786203540877e-09,611.9791666666666
118,6.7574148928176045,4.574861623450019,-3.313121822137953e-08,8.164018507740556,300.00038358913173,0.0,4.0180247736734755e-08,-1.6459776325894945e-08,-9.956259440008857e-09,2.5915958061720772e-05,2.3753359683326235e-06,-1.3824177864954135e-06,1.2650489701834815e-05,9.036385490110016e-08,2.348242478144738e-06,-1.1923205708613048e-07,-1.6116987318727533e-08,2.464538439997368e-10,617.1875
119,6.757890212125933,4.57483324282889,-3.1669071374716824e-08,8.1644003516596,300.00096936960665,0.0,-9.438165100315423e-08,-1.1578162683370964e-07,-3.268790185851956e-08,1.9203923677196536e-05,1.667820499547939e-07,-1.3675425461088137e-06,8.79574597060387e-06,-2.6191228535485505e-07,1.6661920561754015e-06,-1.7031553506687285e-09,-3.4628791558957886e-09,1.2539588897303084e-10,622.3958333333333
120,6.757980481297711,4.574663939959851,-3.200130767856516e-08,8.164380657194053,300.0023634862929,0.0,-1.48184371802942e-07,-8.615891644744432e-08,-2.1638868587580674e-08,1.663183640562104e-05,-1.2048589393774543e-06,-1.189513031984745e-06,8.636136210585122e-06,-2.3956090317389163e-07,1.3182187387336948e-06,4.680902774589343e-09,-8.877231209968155e-09,1.6335775285459742e-10,627.6041666666666
121,6.758044799565839,4.574609538368512,-3.087047265946258e-08,8.164403380785371,300.00591178283287,0.0,-2.4952253499368205e-07,-9.306960627740877e-08,-1.0841650736522676e-08,1.3620359434878601e-05,-5.012541265331907e-07,-9.759036677855728e-07,5.893307810677734e-06,-1.9835278791286885e-07,1.1836816076512238e-06,-2.5426098738641443e-09,-2.9333541293514234e-09,2.0357443158519387e-10,632.8125
122,6.7581040746228,4.574593192476518,-2.7492136814879447e-08,8.164444093047713,300.01517236252425,0.0,-4.111843819414756e-07,-1.5393027167642818e-07,-3.4271790124176774e-08,1.415566104578971e-05,-9.997311749864033e-07,-8.789881004025731e-07,5.334995536625903e-06,-1.6271491128403705e-07,1.1100109421495867e-06,-4.676714380042527e-10,-5.532998004305476e-10,2.2774835580342898e-10,638.0208333333333
123,6.758134048927753,4.574633137572951,-2.038874923972084e-08,8.164491169227484,300.04111292129573,0.0,-1.001929820123122e-06,-1.3266551647140792e-07,-6.686063655457324e-08,1.1560746314738456e-05,-5.593060728674172e-07,-8.313874225544499e-07,4.0028413584652815e-06,-1.028159799153363e-07,1.0856408248822584e-06,4.4490863673119445e-11,-1.251742847337896e-10,2.5025587332997234e-10,643.2291666666666
124,6.75813567716752,4.574697323030736,-1.304386494171655e-08,8.164528424127223,300.11946135352537,0.0,-3.6470376654797037e-06,-1.6915777214782382e-07,-2.3802309391821773e-07,1.1237598482562678e-05,-2.8562599286423456e-07,-7.92398365124309e-07,3.370353531554523e-06,-6.74912455411436e-08,1.0792510976291866e-06,1.503684666899113e-09,-1.0870467214438881e-10,2.7243158544376414e-10,648.4375
125,6.758146725173671,4.574727842300117,-1.2964805018775708e-08,8.164554691083016,300.3378061011913,0.0,-1.2150681340648364e-05,-5.485929276387277e-07,-4.896322630237662e-07,1.3370449823926724e-05,2.8501024420359796e-08,-6.844983681314097e-07,2.7063402438057793e-06,-5.7245164718431535e-08,1.064897380324869e-06,1.753426178506709e-09,3.0923867719152353e-10,2.7789023600351724e-10,653.6458333333333
126,6.75815534242213,4.574737654475776,1.8036995923132802e-09,8.164567603781306,300.68811512824135,0.0,-1.926195959282805e-05,-1.5923545809341257e-06,-4.993082755979706e-07,1.9378182815444118e-05,1.486180851588422e-07,-5.083944894789479e-07,3.292672988111335e-06,-5.66936291234415e-08,1.023451458404957e-06,1.015621686410527e-09,4.578969756719306e-10,2.592663452433575e-10,658.8541666666666
127,6.758161628820034,4.5747322353905595,1.9833403542038014e-08,8.164570043121547,301.0511084654269,0.0,-2.343151377949308e-05,-3.122146933734434e-06,-5.093920600898161e-07,2.5666072874752664e-05,4.2361948277443344e-07,-3.454519813877446e-07,3.7458067818484536e-06,-5.977589388678518e-08,9.553998890210112e-07,5.5661168526969e-09,2.7670634571121255e-10,2.2502723984741553e-10,664.0625
128,6.7581822332187995,4.5747398471712115,5.4005408080267314e-08,8.16459153260563,301.6139525652609,0.0,-2.0855631479305335e-05,-4.051288947107522e-06,-2.5759270765499956e-07,3.056935090715556e-05,7.739898093552316e-07,-2.7023014119467844e-07,4.286652676451401e-06,-7.231825292080912e-08,8.712595888128181e-07,1.7162706247695458e-08,7.283948118652628e-10,1.8634808680622056e-10,669.2708333333333
129,6.75818065184046,4.574736601912855,6.132641952522107e-08,8.164588497042482,301.9781762910606,0.0,-8.163230580439155e-06,-2.801493414021944e-06,-1.0519226108866966e-07,3.307738365381147e-05,1.2126912498705377e-06,-2.652759728232525e-07,5.584506041982271e-06,-8.332353292783093e-08,7.864421475898784e-07,2.0317569331558675e-08,3.887705678848466e-10,1.4603234324724343e-10,674.4791666666666
130,6.758172875993558,4.574738187672828,6.942154498493088e-08,8.16458287845538,302.37547056771496,0.0,-2.552535512506822e-06,-2.3834969678049848e-06,-2.8338980203728146e-08,3.231014823494163e-05,1.6245921226731696e-06,-2.7241876427285977e-07,5.842002542205803e-06,-8.311489846403428e-08,7.15793153799953e-07,1.34473676514057e-08,1.7912800937582146e-10,1.0515868188146998e-10,679.6875
131,6.758171490218908,4.574736013123753,7.460208800311773e-08,8.164580473593315,302.79128797379855,0.0,1.2371088162184462e-06,-1.8118680166858754e-06,1.5869072070747856e-08,2.9988018397202166e-05,2.0088001234125807e-06,-2.8582529347317953e-07,5.879539281496908e-06,-8.434279389637647e-08,6.628317134490995e-07,3.1954404969903166e-09,-8.041834273816679e-10,6.815172955843124e-11,684.8958333333333
132,6.7581666332087185,4.574734532386972,7.807850882663791e-08,8.16457561967546,303.2082588106951,0.0,9.982015226478174e-07,-1.742708155529617e-06,2.9125463627355842e-08,2.769932411169017e-05,2.403690962056359e-06,-3.016537942824647e-07,6.0170377616570225e-06,-8.324057801477144e-08,6.246374653053692e-07,-3.6744255845129674e-09,-1.2138933655278304e-09,3.813189562544891e-11,690.1041666666666
133,6.758164924569636,4.574734746698256,8.060616860694366e-08,8.16457436486344,303.62500079452866,0.0,-1.6683215116386152e-06,-1.72258846224581e-06,2.6677431880588518e-08,2.7240796943417678e-05,2.7789683024659287e-06,-3.1437907020100007e-07,6.461528945767441e-06,-7.67689983668718e-08,5.995493041796986e-07,-4.341153046397077e-09,-8.145097064745165e-10,1.2818965273553659e-11,695.3125
134,6.758166588733738,4.5747360411681655,8.257221171326081e-08,8.164576537636721,304.04165533495933,0.0,-3.789026578707501e-06,-9.371659862638793e-07,1.2379343772417904e-08,2.8967031789859853e-05,2.9473497066808474e-06,-3.245207356006885e-07,7.000377410050232e-06,-7.19235431455975e-08,5.894406957602502e-07,-4.213331739714209e-09,-8.883517753686351e-10,-1.0818725065037779e-11,700.5208333333333
135,6.75816948187419,4.574736560011668,8.402096808711719e-08,8.164579329961443,304.4583358202153,0.0,-3.4896525332601034e-06,4.7289790509581306e-07,-2.2705852508391505e-08,3.1888019440179396e-05,2.760314035457618e-06,-3.289425714462368e-07,7.1629838722165455e-06,-7.344396062424431e-08,5.984483387785257e-07,-9.387898250099666e-09,-9.772885764686315e-10,-3.2337614861384435e-11,705.7291666666666
136,6.758171806336344,4.574736279471643,8.515056675046745e-08,8.164581200799637,304.8749900056793,0.0,-6.101036833879257e-07,1.5946486523761394e-06,-7.989664971741453e-08,3.4760512889394325e-05,2.442469760710133e-06,-3.152331225384288e-07,6.850420637198173e-06,-7.481935862213958e-08,6.306477203692619e-07,-1.7399943945737338e-08,-1.1028211101913698e-09,-5.010302908781535e-11,710.9375
137,6.7581736108838175,4.574736627517403,8.576538391618113e-08,8.164582912439615,305.29167041823786,0.0,4.298941101206473e-06,2.281891327278481e-06,-1.3308697746037448e-07,3.6842606440548756e-05,2.2761828900063107e-06,-2.76829232181888e-07,6.311588993447185e-06,-6.782680890514789e-08,6.887293977515634e-07,-2.1836670464999273e-08,-1.1687669947619013e-09,-6.715137734667891e-11,716.1458333333333
138,6.7581757399641775,4.574737888698049,8.608459583744829e-08,8.164585310410049,305.70833550492335,0.0,1.1096058078810231e-05,2.951822194407308e-06,-1.560294731535364e-07,3.7835720414871915e-05,2.1516142766789083e-06,-2.2426820847156587e-07,5.643987945859737e-06,-5.790395629865512e-08,7.734429111552243e-07,-2.0817165291516464e-08,-9.079933237657806e-10,-9.142032916908622e-11,721.3541666666666
139,6.75817723768124,4.57473882831133,8.587695566085868e-08,8.164586957674752,306.1250798347535,0.0,1.9717623622786818e-05,3.590074469364527e-06,-1.4669255484197994e-07,3.687467902747992e-05,1.8082785889714574e-06,-1.7651152707540736e-07,4.808517758248709e-06,-5.638936020068472e-08,8.82054878557834e-07,-1.675166426567476e-08,-2.0225739997971986e-10,-1.299391637783841e-10,726.5625
140,6.758174782911832,4.574738223812466,8.539169526074405e-08,8.164584431386649,306.5422299075644,0.0,2.8646353730625957e-05,3.7617156469601725e-06,-1.2968590549798214e-07,3.246099101884369e-05,1.2861759250581618e-06,-1.4328108360577484e-07,3.8096592897427324e-06,-6.495487679576439e-08,1.0055832514665367e-06,-1.0786735912692115e-08,2.7698613459144783e-10,-1.8224979806655978e-10,731.7708333333333
141,6.758166004174006,4.574735356219394,8.444838679720257e-08,8.16457534244205,306.96067588823956,0.0,3.3747034936966827e-05,3.248886618695753e-06,-1.2854369840235238e-07,2.374857471433437e-05,7.934015406241886e-07,-1.2175411938276982e-07,2.647780726019566e-06,-7.171998917412956e-08,1.1267744946287392e-06,-4.434989500820434e-09,2.754738625865794e-10,-2.3908580018528143e-10,736.9791666666666
142,6.758157236687412,4.574731102662495,8.329541312166299e-08,8.164565474933163,307.3732198440539,0.0,2.750340933208888e-05,1.8713390928316334e-06,-1.3853090393108144e-07,1.2816921469701831e-05,4.2885362613973593e-07,-1.0143697603112399e-07,1.4388660138524319e-06,-6.347899774287537e-08,1.2220859138946453e-06,-6.473571359335167e-10,1.368676009905338e-10,-2.8700668281141254e-10,742.1875
143,6.758160854175924,4.574729280459421,8.184793524714797e-08,8.16456734063302,307.7207137573461,0.0,1.1430699875941842e-05,2.714710258061075e-07,-1.1590185601108428e-07,5.0629246464359925e-06,2.4599775487562276e-07,-7.622080630238792e-08,6.78354212310012e-07,-4.133467030567495e-08,1.2719775120878013e-06,2.512978218597613e-10,3.723312564013393e-11,-3.154063491159207e-10,747.3958333333333
144,6.758174962446782,4.5747306113588015,8.031833446160754e-08,8.164579787019349,307.91203498459237,0.0,2.0888574699130755e-06,-1.9775201719722402e-07,-6.200914043408702e-08,2.2768096924134367e-06,2.1610115573873768e-07,-5.3039451336637394e-08,4.7219209129228657e-07,-2.1594134444077207e-08,1.2774092107703263e-06,1.5399901329127746e-10,1.0341633627859016e-11,-3.233844927788075e-10,752.6041666666666
145,6.7581864071399975,4.574731902658312,7.869315587946523e-08,8.164590034055921,307.98860286480794,0.0,2.3785730958582582e-07,-1.1301148102631487e-07,-2.6431592151473036e-08,1.6850052336579851e-06,2.3226949819389588e-07,-3.925047173543682e-08,4.402380574883312e-07,-1.2028221080907675e-08,1.257036923003548e-06,4.368468488538354e-11,1.0402116737703724e-11,-3.185978784985294e-10,757.8125
146,6.758191115737178,4.574732172092169,7.710067369920803e-08,8.164594112379973,308.02274677677326,0.0,2.7839032971739076e-08,-5.646844327067672e-08,-1.4408113615444417e-08,1.5407384922053293e-06,2.3754424539479492e-07,-3.251428154352045e-08,4.2736914591242227e-07,-7.699435916951909e-09,1.2273904983241563e-06,-3.39499856972537e-12,9.296326450250815e-12,-3.0866915891321336e-10,763.0208333333333
147,6.758192516310529,4.574732254533602,7.558412913646994e-08,8.16459532635343,308.0427846337215,0.0,-2.7641314131424744e-09,-3.393526453316338e-08,-1.0305100554568714e-08,1.4729991319829888e-06,2.356506322119937e-07,-2.8315264922619455e-08,4.164202214103045e-07,-5.223615603974328e-09,1.1959024040476817e-06,-2.7315427042484836e-11,8.48794995205612e-12,-2.9705447782400283e-10,768.2291666666666
148,6.758192956421983,4.574732333355984,7.417492166453016e-08,8.164595735066609,308.0579548135205,0.0,-9.44961354270067e-09,-2.3223386053925495e-08,-8.883584226718463e-09,1.4246427431431903e-06,2.309859030348401e-07,-2.4822210137430553e-08,4.0573249356223946e-07,-3.5720009003439516e-09,1.165016201252972e-06,-4.276201930244396e-11,7.599827590250221e-12,-2.8475005283287423e-10,773.4375
149,6.758193073217875,4.574732370399219,7.296803092638262e-08,8.164595850910214,308.0715199613471,0.0,-1.2135485757745505e-08,-1.6535159817157605e-08,-8.509845744685586e-09,1.3833330108572048e-06,2.2494743543327837e-07,-2.1449261871630466e-08,3.949867528041647e-07,-2.3024299147664447e-09,1.135450531362212e-06,-5.3043700818623664e-11,6.606507952475289e-12,-2.721252493669342e-10,778.6458333333333
150,6.758193079864474,4.574732377861983,7.192100945038178e-08,8.164595858814423,308.08463052195833,0.0,-1.4957440399205047e-08,-1.1320180828450893e-08,-8.475095844293681e-09,1.3456733664793752e-06,2.1788374978422104e-07,-1.8028397994634313e-08,3.8411335402730597e-07,-1.2106312533625566e-09,1.1072833055762664e-06,-5.92961764372752e-11,5.545724949158201e-12,-2.592698099811409e-10,783.8541666666666
151,6.758193057809054,4.574732368951186,7.113903470033884e-08,8.164595833958407,308.097661080991,0.0,-1.809634131251723e-08,-6.63138585276085e-09,-8.448321103257876e-09,1.3105610874000763e-06,2.1004075264439527e-07,-1.4541572617059637e-08,3.7292824557473904e-07,-2.0626821718138965e-10,1.0803773584685065e-06,-6.134205542412841e-11,4.3353250587705555e-12,-2.4617240385628777e-10,789.0625
152,6.7581930320905625,4.574732350730197,7.039174934830837e-08,8.16459580104296,308.1106764096539,0.0,-2.2072126557727962e-08,-2.488959891603643e-09,-8.310350024315049e-09,1.2773649561405547e-06,2.0165065450787828e-07,-1.1019459697286456e-08,3.612922633663016e-07,7.40274602487259e-10,1.0545557708548395e-06,-5.926661313209572e-11,2.912766632953412e-12,-2.3281209589417965e-10,794.2708333333333
153,6.758193005812207,4.574732326443345,6.990128349989907e-08,8.164595764370345,308.12369960921,0.0,-2.6520392838477274e-08,1.2947418901564417e-09,-8.077247727927874e-09,1.2456026512223398e-06,1.929432416221217e-07,-7.527463097308077e-09,3.490542283092047e-07,1.6374136606591866e-09,1.0296529434349505e-06,-5.352794778918979e-11,1.3719975411747953e-12,-2.1921016858157066e-10,799.4791666666666
154,6.75819297848495,4.5747322961276575,6.9650961335803e-08,8.164595723554525,308.13671586947453,0.0,-3.1733715267991904e-08,4.552747275309166e-09,-7.732305437687526e-09,1.2150022879676563e-06,1.8401830648150096e-07,-4.138109045841167e-09,3.3614645215888003e-07,2.484504150077563e-09,1.0055072350278945e-06,-4.482563532790322e-11,-2.1877828973700344e-13,-2.0542414492436765e-10,804.6875
155,6.758192954348082,4.574732259779685,6.973735340769203e-08,8.164595682177332,308.14972272428565,0.0,-3.74700459784006e-08,7.343288849913557e-09,-7.329926983123667e-09,1.1855495366222177e-06,1.7492214364606729e-07,-9.192648977025886e-10,3.226037050659324e-07,3.2861225857555634e-09,9.819449139221904e-07,-3.4014440703707574e-11,-1.8057731164096549e-12,-1.9152149616075972e-10,809.8958333333333
156,6.758192971938437,4.574732224916268,6.987639903326572e-08,8.164595676589919,308.16263923046256,0.0,-4.331503549552557e-08,9.433957556020982e-09,-6.763302236208931e-09,1.1573514662466003e-06,1.657037744880137e-07,2.063875636992188e-09,3.08643255744435e-07,4.038213260598876e-09,9.587881735686793e-07,-2.2163701063147648e-11,-3.31212634107937e-12,-1.775741030754035e-10,815.1041666666666
157,6.7581932265623195,4.574732219760012,6.950978440843294e-08,8.164595885675233,308.175205627561,0.0,-4.641290154308377e-08,1.0575276636259862e-08,-5.892012171127998e-09,1.1305338198344312e-06,1.5660731939160468e-07,4.706293474031988e-09,2.946708107903471e-07,4.692371642205827e-09,9.359344645506392e-07,-1.0695326867206028e-11,-4.603991323924336e-12,-1.6367191873623828e-10,820.3125
158,6.758193016382671,4.574732161565329,7.019979987821576e-08,8.164595676815578,308.1867489920848,0.0,-4.3930246376821165e-08,1.0471174918509853e-08,-4.577951006557295e-09,1.105184758517482e-06,1.4813341678225443e-07,6.878375176164372e-09,2.8122644041057094e-07,5.143680587162538e-09,9.134769507863045e-07,-8.656738459363199e-13,-5.55008506914771e-12,-1.4993649045770721e-10,825.5208333333333
159,6.758192134295558,4.574731978810013,7.123676370519718e-08,8.164594837132624,308.19787748152623,0.0,-8.159544945733822e-08,1.811542709798332e-08,-6.5069677203550045e-09,1.0766968511597164e-06,1.3832734303442945e-07,9.074876823638879e-09,2.645923516970678e-07,5.891458975726816e-09,8.911079690497316e-07,1.1403557147782657e-11,-6.4689120962747365e-12,-1.364093229901795e-10,830.7291666666666
160,6.758192231524411,4.57473192039851,7.322218608034509e-08,8.164594885322256,308.2187884173028,0.0,-1.1477604576851256e-07,1.4157077640102329e-08,-5.788299648152539e-09,1.0533791115831602e-06,1.2758689413418135e-07,1.1324414276051886e-08,2.465389503419494e-07,7.043457281945014e-09,8.678238528489738e-07,2.377250143323551e-11,-7.324744172534827e-12,-1.2304558818117718e-10,835.9375
161,6.758192981019593,4.574732007463673,7.340384015797968e-08,8.164595559728378,308.2299185196838,0.0,-8.039040851286628e-08,8.382908547098655e-09,-2.892974574591607e-09,1.0375859473390086e-06,1.1912189114406129e-07,1.2857722031256941e-08,2.326227468585617e-07,7.758987506740165e-09,8.434400781755981e-07,3.051561362884335e-11,-7.591776677657678e-12,-1.0997367865407696e-10,841.1458333333333
162,6.758192978381851,4.574731980738137,7.373031726841767e-08,8.164595542215698,308.24146045426835,0.0,-1.0103483449138168e-07,9.067362402225568e-09,-2.691903720333702e-09,1.021279585028055e-06,1.1184094252842355e-07,1.3782305434394961e-08,2.2016893354338793e-07,8.162344035534368e-09,8.186608335721983e-07,3.436555781917314e-11,-7.449985238930734e-12,-9.74365848133825e-11,846.3541666666666
163,6.75819270926243,4.574731889500546,7.361689159042321e-08,8.16459526619225,308.2540275719687,0.0,-1.1981556575132442e-07,8.005879702790263e-09,-2.1353010417809124e-09,1.0081071948954455e-06,1.0439674487648901e-07,1.442154569504388e-08,2.0730405410302912e-07,8.69195215854452e-09,7.935634791146749e-07,3.7038990553362854e-11,-7.166513850540216e-12,-8.555333247886232e-11,851.5625
164,6.7581926266408,4.574731835576055,7.317071931984648e-08,8.164595166892271,308.2669432260897,0.0,-1.365720233987233e-07,5.6938414381704465e-09,-1.4713141420430443e-09,9.992181687388632e-07,9.726047450668104e-08,1.4713853165502459e-08,1.9491907460446776e-07,9.257513906882235e-09,7.67809221987042e-07,3.815919537295365e-11,-6.720300396826148e-12,-7.437769903489641e-11,856.7708333333333
165,6.758192590978778,4.574731792349639,7.245195222045135e-08,8.164595112917857,308.27995123519344,0.0,-1.5332308114952692e-07,2.743282530307793e-09,-7.942303772330003e-10,9.953649913164246e-07,9.071111672388384e-08,1.4659108366486841e-08,1.8346740589394367e-07,9.811529699078856e-09,7.412355462254528e-07,3.792902281844651e-11,-6.182500422159556e-12,-6.397167115741669e-11,861.9791666666666
166,6.758192567335155,4.574731753561531,7.14210873054176e-08,8.164595071595562,308.29296630798206,0.0,-1.709530746431491e-07,-7.360733690143686e-10,-1.9031825718455303e-10,9.972128549026923e-07,8.488929268606839e-08,1.4274025079616312e-08,1.7314907363283818e-07,1.0346846859749976e-08,7.137644385602078e-07,3.691012401343171e-11,-5.608007241736892e-12,-5.438599001426022e-11,867.1875
167,6.7581925516852905,4.574731719229991,7.031523990815032e-08,8.164595039594442,308.30599191225537,0.0,-1.893511000488574e-07,-4.66682259177615e-09,3.772239149809475e-10,1.0055026344537727e-06,7.990364970017644e-08,1.3599466815502752e-08,1.6413427632704773e-07,1.0860760356963586e-08,6.853470012269585e-07,3.589935665489781e-11,-5.0193962956466556e-12,-4.5653526344773e-11,872.3958333333333
168,6.7581925449651115,4.574731690220548,6.920460675480882e-08,8.16459501819439,308.31900623790153,0.0,-2.0851821240019042e-07,-9.051947079783886e-09,8.478192005762495e-10,1.020954200826134e-06,7.586306555482694e-08,1.2673818977434301e-08,1.5660785453039855e-07,1.1357658147834402e-08,6.559480909708398e-07,3.584878977013485e-11,-4.4378442818767855e-12,-3.77904476311866e-11,877.6041666666666
169,6.758192549171271,4.574731668042578,6.83435546258744e-08,8.164595009914141,308.33203348557726,0.0,-2.2817354816835676e-07,-1.3813669259186378e-08,1.267667552140442e-09,1.0443576465715414e-06,7.286694865362319e-08,1.1553962256685149e-08,1.5081598829002347e-07,1.183684829668902e-08,6.255421132941146e-07,3.783377037586374e-11,-3.865492424445463e-12,-3.079856295387074e-11,882.8125
170,6.758192566826535,4.574731654467974,6.788239034330135e-08,8.164595017849487,308.34504814690297,0.0,-2.4798412680254806e-07,-1.892180313500758e-08,1.5882589333965306e-09,1.0764379791219924e-06,7.101609593760685e-08,1.0285917634114666e-08,1.4704917781382215e-07,1.2301365125136931e-08,5.941137255370994e-07,4.2977420867950187e-11,-3.3039896736368077e-12,-2.4666651880389444e-11,888.0208333333333
171,6.75819260056733,4.5747316509192455,6.768529086774075e-08,8.164595045003123,308.3580768928786,0.0,-2.6765904630739645e-07,-2.4251333234355772e-08,1.8451825487339221e-09,1.117877830606115e-06,7.040187033445754e-08,8.925569922766292e-09,1.4563380934207228e-07,1.2748698262147451e-08,5.61662803335047e-07,5.2284747923220714e-11,-2.74005831266749e-12,-1.9371164414908082e-11,893.2291666666666
172,6.758192651849381,4.574731658840325,6.783446876176348e-08,8.164595093385337,308.3710891601291,0.0,-2.8667745683836246e-07,-2.9718130179666766e-08,2.0047589495193734e-09,1.1691964236022133e-06,7.111038511302612e-08,7.518271955061829e-09,1.4688233244696125e-07,1.3177062623858193e-08,5.282126818804474e-07,6.66719040034736e-11,-2.1686283130174536e-12,-1.4876951449830732e-11,898.4375
173,6.758192722856025,4.5747316790072565,6.80393473554841e-08,8.164595165241225,308.38411811791656,0.0,-3.048375144494273e-07,-3.5156081059710314e-08,2.098515436060459e-09,1.2307709632324101e-06,7.320371993511161e-08,6.113460599943252e-09,1.5105269996498574e-07,1.3577172620561531e-08,4.938197960394034e-07,8.676652870419011e-11,-1.5762244366972098e-12,-1.1137338545547495e-11,903.6458333333333
174,6.758192815424362,4.57473171207793,6.82708531862291e-08,8.164595262457798,308.397132242744,0.0,-3.2127871325195177e-07,-4.0416332213662303e-08,2.116164579590194e-09,1.3027246836572797e-06,7.671634102720842e-08,4.753740602229456e-09,1.5829911481703302e-07,1.3934586663050179e-08,4.585832245821167e-07,1.1290284932381491e-10,-9.600111860085293e-13,-8.094304868505113e-12,908.8541666666666
175,6.758192930251929,4.574731757717503,6.822716683179468e-08,8.164595385415009,308.41015994346935,0.0,-3.357768420647603e-07,-4.532255294121682e-08,2.077437631263438e-09,1.3848370955468197e-06,8.16542495168256e-08,3.474877004340215e-09,1.686275670682154e-07,1.4233360135710826e-08,4.226521935288514e-07,1.4512365798752575e-10,-3.1469414060287207e-13,-5.679926934540471e-12,914.0625
176,6.7581930668004295,4.574731815022527,6.795374831356874e-08,8.164595533149642,308.4231721378487,0.0,-3.475729953289217e-07,-4.9726483270215656e-08,1.987516657555746e-09,1.476569456370378e-06,8.798262740890558e-08,2.3027045046135367e-09,1.8188860343918278e-07,1.4454134065377761e-08,3.8622877717355837e-07,1.832367879126277e-10,3.488159241005801e-13,-3.818788190316541e-12,919.2708333333333
177,6.758193224549165,4.574731882594333,6.721087535143441e-08,8.16459570443079,308.43620018327397,0.0,-3.5642129887632796e-07,-5.3479187852158326e-08,1.8566629519540624e-09,1.5770409903109233e-06,9.562544235233303e-08,1.2617266182320832e-09,1.9779439512719034e-07,1.4577354750870485e-08,3.49565145839707e-07,2.2663526909321662e-10,1.0332246505564031e-12,-2.4312328758922843e-12,924.4791666666666
178,6.758193401718191,4.5747319592457805,6.65677380461709e-08,8.164595897099078,308.4492138609943,0.0,-3.615204628482595e-07,-5.64505745483598e-08,1.7016947227070797e-09,1.685036411565373e-06,1.0446122627795127e-07,3.660563172708501e-10,2.1594711103487026e-07,1.4583292165107586e-08,3.129562816959774e-07,2.7450697755924696e-10,1.7357064524436596e-12,-1.436685452099881e-12,929.6875
179,6.758193596414458,4.574732042815707,6.525573490741415e-08,8.164596108333853,308.46224361416523,0.0,-3.626284083618032e-07,-5.853715930054244e-08,1.522375823517964e-09,1.7989987476425908e-06,1.1432862805103974e-07,-3.740819529813086e-10,2.3588589533476665e-07,1.4455206875499297e-08,2.767296308698629e-07,3.2575356561439517e-10,2.4545011253842556e-12,-7.570759716125819e-13,934.8958333333333
180,6.758193803703027,4.574732132258579,6.445796746322288e-08,8.164596333407333,308.4752543182019,0.0,-3.591550589865331e-07,-5.965558210500295e-08,1.3388262464113686e-09,1.9171196765527704e-06,1.2502289906426134e-07,-9.60957158566402e-10,2.571252023871082e-07,1.4180857136877974e-08,2.412333971113124e-07,3.7935345370052834e-10,3.1822336434426868e-12,-3.202102413209726e-13,940.1041666666666
181,6.758194021647142,4.5747322245899,6.254397935452539e-08,8.164596569009479,308.4882851938319,0.0,-3.5120684456742136e-07,-5.978344069785489e-08,1.1418732766140034e-09,2.037409564322404e-06,1.363115287233444e-07,-1.3961848088424771e-09,2.7921403207021653e-07,1.375001933616149e-08,2.0682567745493618e-07,4.3403301669113006e-10,3.9141585467313004e-12,-6.229914100952823e-14,945.3125
182,6.758194244490226,4.574732319405404,6.106976404780465e-08,8.164596810075818,308.5012977567893,0.0,-3.380136357843242e-07,-5.8810466416818016e-08,9.543497410150064e-10,2.157685866174417e-06,1.4793266597273931e-07,-1.6862001352404855e-09,3.0172946512293064e-07,1.3155564215917591e-08,1.738670543957324e-07,4.884927491844032e-10,4.6366432163514856e-12,7.055552065246792e-14,950.5208333333333
183,6.758194468766132,4.574732414001853,5.8422622183848215e-08,8.16459705215055,308.5143278569904,0.0,-3.20018248437281e-07,-5.6777147647422066e-08,7.664955501538936e-10,2.2756451162516675e-06,1.5960029106137423e-07,-1.8426848465921358e-09,3.2426575543204936e-07,1.2393395528127604e-08,1.427172833884775e-07,5.415221938745347e-10,5.33534850337115e-12,1.2181344943234227e-13,955.7291666666666
184,6.758194687384853,4.574732507696182,5.6271806411695785e-08,8.164597288902414,308.5273383332762,0.0,-2.967381329708142e-07,-5.3590815591586905e-08,5.99414745774084e-10,2.3889254829374618e-06,1.7101467679240863e-07,-1.8812745612314636e-09,3.464109721057557e-07,1.1462775991550005e-08,1.1373490036593291e-07,5.919391307545142e-10,5.999072650079531e-12,1.2472713956306224e-13,960.9375
185,6.758194897618835,4.574732596693706,5.222861281777081e-08,8.164597515892815,308.54036766747396,0.0,-2.6896114775222e-07,-4.935915065932033e-08,4.4165612356679653e-10,2.4951497801760797e-06,1.818740495269717e-07,-1.8172440412771789e-09,3.6772307547230054e-07,1.036512417267737e-08,8.727809029535912e-08,6.386297606885878e-10,6.620687089658125e-12,1.0320274015274305e-13,966.1458333333333
186,6.7581950936789825,4.574732679028321,4.675770020497404e-08,8.164597727154211,308.5533808905143,0.0,-2.3628136696554532e-07,-4.398831377722333e-08,3.124948858042915e-10,2.5919218973217593e-06,1.9188519593139e-07,-1.6669552749924254e-09,3.8769237042739887e-07,9.105416305290812e-09,6.370443536005718e-08,6.805758320783823e-10,7.175478480777565e-12,7.32901866126326e-14,971.3541666666666
187,6.758195271228313,4.574732751361202,3.868009176795556e-08,8.164597917151683,308.56641077299736,0.0,-1.9974152907418913e-07,-3.765723587853233e-08,2.0089677702195453e-10,2.6769180201509395e-06,2.0076455970791446e-07,-1.4465357438846942e-09,4.0573063747844476e-07,7.693032721949129e-09,4.336674416129607e-08,7.169380371306101e-10,7.654175878106453e-12,4.479082028954682e-14,976.5625
188,6.758195422639545,4.57473281253842,3.028991049067424e-08,8.164598078849556,308.57942321930307,0.0,-1.5921149561784217e-07,-3.0326222755552854e-08,1.2020677351223365e-10,2.7479790217240724e-06,2.0824930114530295e-07,-1.1739254527102834e-09,4.2118753475719836e-07,6.1435855014395165e-09,2.6603025193032322e-08,7.469462506696958e-10,8.04218331694428e-12,2.2747516345019755e-14,981.7708333333333
189,6.758195536389203,4.57473286449941,2.8512783458221798e-08,8.164598203723079,308.592450979923,0.0,-1.1611049948357559e-07,-2.2296889255669797e-08,5.831520650415178e-11,2.8032219356704276e-06,2.1411173244550978e-07,-8.638330214936306e-10,4.334136859082331e-07,4.47792177421087e-09,1.3720578685546287e-08,7.69954348118551e-10,8.345483197703453e-12,8.73716680796693e-15,986.9791666666666
190,6.758195626851443,4.574732893673364,1.7057937185951905e-08,8.164598296085503,308.6054682540764,0.0,-7.049752995642335e-08,-1.3607832411212755e-08,2.0885346171095318e-11,2.841071672383096e-06,2.1818075098358705e-07,-5.274666874620973e-10,4.4183822877572217e-07,2.7240593195131398e-09,4.976036949890775e-09,7.856523641864484e-10,8.538919995921541e-12,1.9516884188285982e-15,992.1875
191,6.758195680711642,4.574732902971581,3.5601873884035195e-09,8.164598346468269,308.61849298005893,0.0,-2.37391779340474e-08,-4.595556752426933e-09,2.3420557156532147e-12,2.8604321528435287e-06,2.2032258858388728e-07,-1.7721835423495298e-10,4.4601003054300467e-07,9.144232303689732e-10,5.549695139264888e-10,7.936170973170291e-10,8.633012353225478e-12,7.350617170478999e-17,997.3958333333333
